theta0,theta1
8498.797601357826,-0.021441027722157436
